truth,estimate,variance,lower,upper
4.016066896118338,3.928377628326416,8.409798622131348,3.720413433633829,4.136341823019003
4.050838760043126,3.9781737327575684,7.446573734283447,3.782481306623898,4.173866158891239
4.099163647971287,3.9693663120269775,7.579323768615723,3.7719372873154464,4.166795336738509
4.27367845743849,4.077961444854736,9.937823295593262,3.851892240619509,4.304030649089964
4.162439707706217,4.1062703132629395,13.105533599853516,3.8466592926358216,4.365881333890058
4.003967594300539,4.032055854797363,6.880033493041992,3.8439548797963137,4.220156829798413
3.9905494932203087,3.754451036453247,7.2441911697387695,3.561436187305509,3.947465885600985
3.85365335563423,3.7572500705718994,9.702375411987305,3.533874945959879,3.98062519518392
10.466037316008876,10.220020294189453,742.1749877929688,8.2663605516295,12.173680036749406
4.586000545961049,4.749462127685547,86.60246276855469,4.082101022530122,5.416823232840971
3.947785028700431,3.9298629760742188,10.684703826904297,3.6954525012412316,4.1642734509072055
4.161348296974814,4.153558731079102,25.305461883544922,3.7928115843897903,4.514305877768413
12.648842155861459,12.475804328918457,1254.621337890625,9.935696779824386,15.015911878012528
3.8613000999517473,3.765873432159424,8.197464942932129,3.5605513997787077,3.97119546454014
3.9075819401380163,4.030346870422363,10.969928741455078,3.7928282436514276,4.2678654971932986
4.532751840913458,4.598137855529785,7.808151721954346,4.397750694604237,4.798525016455334
3.636982271621631,3.839245557785034,25.70690155029297,3.4756482677997917,4.202842847770277
3.7687619635123033,3.6243035793304443,16.795053482055664,3.3304124579257386,3.91819470073515
3.941148144899862,4.00382137298584,18.844974517822266,3.692511031592902,4.3151317143787775
4.235950932402467,4.071144104003906,7.050562381744385,3.8807262570988463,4.261561950908966
3.1551581079386106,2.964770793914795,95.22223663330078,2.2649852614121686,3.6645563264174212
4.087269892661509,4.086533069610596,9.3931303024292,3.8667466046334167,4.306319534587774
4.312510237773102,4.279966831207275,15.980464935302734,3.9932913991579957,4.566642263256555
3.8354915860161336,3.788160562515259,45.46717834472656,3.3046067942958683,4.27171433073465
4.595643746347299,4.695713996887207,13.353860855102539,4.433654927902436,4.957773065871978
4.4128250487998875,4.412311553955078,279.73992919921875,3.212886819011362,5.611736288898794
3.75550895511973,3.8816754817962646,8.788347244262695,3.6690822790730295,4.0942686845195
10.469988754885424,10.246110916137695,1823.9093017578125,7.183460767124357,13.308761065151034
3.745058916856946,3.799382448196411,16.430177688598633,3.508701277524326,4.090063618868496
4.384592984021068,4.289891242980957,15.172142028808594,4.0105601888983005,4.569222297063614
4.335573262579987,4.328606605529785,14.191764831542969,4.058451006117058,4.5987622049425125
4.022886876823159,4.0359296798706055,6.8695173263549805,3.8479725165001106,4.2238868432411
4.156628607016041,4.0682549476623535,16.28629493713379,3.7788493558707783,4.357660539453929
6.789415798636192,7.046173095703125,1443.5657958984375,4.321502141391702,9.77084405001455
3.755501502243597,3.58866810798645,38.524906158447266,3.143558913769089,4.033777302203812
4.881726729621478,4.878457546234131,35.966041564941406,4.448384632401268,5.308530460066994
3.343385416256075,3.214498281478882,111.58795928955078,2.4569602551587937,3.97203630779897
4.042727872343037,4.08089017868042,11.192021369934082,3.8409792478221125,4.320801109538728
6.221156720269624,6.095614910125732,88.35917663574219,5.4215191421748425,6.769710678076622
4.390372672331478,4.2054362297058105,20.952733993530273,3.8771776242421128,4.533694835169508
4.229770549232354,4.1732659339904785,8.100093841552734,3.9691669721758713,4.377364895805086
3.9937598542963784,4.017468452453613,7.52977180480957,3.820685859959655,4.214251044947571
4.499260465369045,4.397887229919434,9.159876823425293,4.18084682687727,4.614927632961598
3.781438442261387,3.930673122406006,12.683852195739746,3.675272849649361,4.1860733951626505
3.298716986633464,3.34529709815979,27.742660522460938,2.967577234505462,3.723016961814118
4.826760063532011,4.80025577545166,21.96604347229004,4.464153316486308,5.1363582344170124
5.066412748634097,4.98624849319458,37.13496398925781,4.549242619761315,5.423254366627845
3.841778678370695,3.760826587677002,8.924837112426758,3.546588876581234,3.97506429877277
4.395375174921112,4.364522457122803,21.6298770904541,4.031001755103242,4.6980431591423635
3.9047495521547364,3.8306970596313477,10.548483848571777,3.597785635129345,4.06360848413335
4.306119855808186,4.350482940673828,14.230493545532227,4.079958970918458,4.621006910429198
4.350611327015192,4.14687442779541,17.652467727661133,3.8455748774479157,4.448173978142905
5.791393763456441,5.8809099197387695,199.8504180908203,4.867119224140551,6.894700615336988
4.431847880718595,4.341257572174072,50.53260803222656,3.831478940771899,4.851036203576245
3.740272426595205,3.5671141147613525,9.134206771850586,3.3503780469924123,3.783850182530293
4.0314305832552,3.8742761611938477,6.016180992126465,3.6983800584656827,4.050172263922013
4.085420080337005,4.130629062652588,6.262021064758301,3.9511751083448026,4.310083016960373
4.524155548241752,4.371403694152832,16.301223754882812,4.081865491054824,4.66094189725084
4.24202853606306,3.9422919750213623,7.55977725982666,3.7451176919957097,4.139466258047015
4.0145403435343745,3.7880377769470215,140.844970703125,2.9369655030876496,4.639110050806393
4.08243720368081,4.047194004058838,7.219936370849609,3.854502549301184,4.239885458816492
3.9006449932025453,3.885030746459961,9.296342849731445,3.6663795608868788,4.1036819320330435
4.48018189574822,4.448182582855225,13.189794540405273,4.1877383256336325,4.708626840076817
3.262089878888228,3.243189573287964,16.157245635986328,2.9549328575228757,3.531446289053052
4.17656544734077,4.029930114746094,25.573625564575195,3.66727657440797,4.392583655084217
4.198097862705767,4.153223037719727,8.205160140991211,3.947804657071984,4.358641418367469
4.050867461243081,4.003292560577393,6.893922805786133,3.815001813532737,4.191583307622048
9.5125142687073,9.355287551879883,547.6808471679688,7.6770263786504085,11.033548725109357
3.8139057791826274,3.7147417068481445,8.309642791748047,3.50801958788265,3.921463825813639
4.01869776897931,4.030901908874512,6.239343166351318,3.85177319539046,4.2100306223585635
5.856798244403865,5.856326580047607,69.44910430908203,5.258701114610055,6.45395204548516
3.998421657625684,3.8537261486053467,6.603991508483887,3.669437314063471,4.038014983147223
3.8378264419578914,3.7296602725982666,7.416993618011475,3.534356908931957,3.924963636264576
3.9968805730119303,3.94917368888855,7.127835750579834,3.757715206458159,4.1406321713189405
3.9964145573400858,3.879183292388916,8.039549827575684,3.6758485283620357,4.082518056415797
5.159478448077698,5.0970563888549805,47.30078125,4.603848598943415,5.590264178766546
4.1465314318655135,4.009975910186768,6.199362754821777,3.8314220287779266,4.188529791595609
4.017841284670283,4.162464618682861,6.960358142852783,3.9732687870525916,4.3516604503131315
4.1956725107693185,4.120163440704346,7.662971496582031,3.92164796192173,4.3186789194869615
3.9706062317804918,4.112874507904053,7.667326927185059,3.9143026216579675,4.3114463941501375
9.524010300427975,9.349808692932129,591.5399780273438,7.605642674500244,11.093974711364014
2.9724112016304387,2.758336067199707,129.94203186035156,1.940868375789848,3.575803758609566
4.152459087082567,3.9471068382263184,25.07889175415039,3.587978280882585,4.306235395570052
2.5540892986092945,2.51876163482666,208.16653442382812,1.4840931369692036,3.5534301326841167
-0.6039526212002666,-0.7448294758796692,527.8770141601562,-2.3924687905889632,0.9028098388296246
5.888223131258083,6.012351989746094,347.85772705078125,4.674843344357087,7.349860635135101
4.912480072903534,4.586106300354004,12.470468521118164,4.332863471797766,4.839349128910242
3.982511183994604,3.8167004585266113,6.194919109344482,3.6382105814687637,3.995190335584459
3.9460677176876224,3.9579737186431885,15.213532447814941,3.6782619089988344,4.2376855282875425
3.9450052296417697,3.9425740242004395,9.998977661132812,3.7158103059539003,4.169337742446978
3.917155812660826,3.647127628326416,6.213677406311035,3.4683677206743333,3.8258875359784987
3.5698462387527448,3.442923069000244,18.52986717224121,3.1342264140063922,3.751619723994096
8.45612969116157,8.450655937194824,286.4712829589844,7.236886166723579,9.66442570766607
4.238669465976929,4.15983772277832,6.035408973693848,3.98366075840568,4.336014687150961
3.8501647584311964,3.821336507797241,9.774186134338379,3.597136267843578,4.045536747750904
4.08661671370297,4.022229194641113,10.792661666870117,3.78663745891374,4.257820930368487
4.354538230802672,4.312877655029297,11.600881576538086,4.068623889804389,4.557131420254205
6.805806844351622,6.725704193115234,181.6356201171875,5.759216605325134,7.692191780905334
4.133590257327505,4.016170024871826,23.88995361328125,3.6656575948657992,4.366682454877853
4.0316550586521345,3.717827320098877,13.540562629699707,3.4539426717614163,3.9817119684363376
4.745875826488205,4.711754322052002,20.742311477661133,4.385148181088039,5.038360463015965
4.167219657608554,4.118310928344727,29.54717445373535,3.728500234953664,4.508121621735789
3.7807009605278337,3.8683605194091797,7.910455703735352,3.666664874003877,4.070056164814482
4.094982385612865,3.9706170558929443,9.630348205566406,3.7480726071145782,4.193161504671311
4.5913655495421155,4.385766506195068,20.482664108276367,4.061210992128032,4.710322020262105
3.7214884341853955,3.675248622894287,11.03841495513916,3.4369897250573387,3.9135075207312355
3.8385961251438863,3.8336880207061768,6.848817825317383,3.646014250955593,4.021361790456761
9.150064553072898,8.941899299621582,953.6019897460938,6.727380636333402,11.156417962909762
5.439279475365396,5.297569274902344,46.88479995727539,4.806535003889554,5.788603545915134
6.535395093443599,6.375826358795166,51.30616760253906,5.862160668830634,6.889492048759698
4.3097278049220735,3.921491861343384,21.286195755004883,3.5906314568741404,4.252352265812627
5.295634320469702,5.20778226852417,35.744449615478516,4.779036272187651,5.636528264860689
5.728245530729982,5.754659175872803,55.342681884765625,5.221169682258158,6.288148669487447
4.130071007833647,3.9740936756134033,9.807108879089355,3.7495161621991295,4.198671189027677
4.544540636186098,4.3620805740356445,47.35182571411133,3.8686067341952053,4.855554413876084
4.384682525729526,4.49737024307251,12.260943412780762,4.24626388200015,4.748476604144869
3.5546982282938426,3.5189056396484375,26.327463150024414,3.1509459217460014,3.8868653575508736
3.9197565537127095,3.8081345558166504,9.048389434814453,3.5924190257854756,4.023850085847825
4.990463665022407,5.035587310791016,69.94593048095703,4.4358280032722845,5.635346618309747
5.99388635317442,6.13450288772583,102.45359802246094,5.408632001324065,6.860373774127595
4.255920571645797,4.498375415802002,9.8803129196167,4.272961294118488,4.723789537485516
3.794578050638762,3.757951021194458,6.393500328063965,3.5766229189330243,3.9392791234558917
5.033156205201294,4.784669876098633,24.063444137573242,4.432887025425123,5.136452726772142
4.5431601624617315,4.597919464111328,90.76458740234375,3.9147098181745954,5.28112911004806
4.165677489214355,3.9096150398254395,27.966320037841797,3.5303756561678803,4.288854423482999
7.831327451565025,7.425123691558838,349.3426513671875,6.08476332847186,8.765484054645816
5.273782377872686,5.090908527374268,29.18332862854004,4.703505345602546,5.478311709145989
4.413584795756213,4.442389011383057,10.32383918762207,4.211971020259478,4.6728070025066355
4.6166537334729,4.55463171005249,78.92718505859375,3.917529550157105,5.191733869947876
6.139501507403797,5.877862930297852,385.1202392578125,4.470539423546697,7.285186437049006
4.004163944427146,4.071108818054199,6.634645938873291,3.8863927624359063,4.255824873672492
3.752820876444155,3.7218523025512695,53.002376556396484,3.1997646261281467,4.243939978974392
10.189506095303258,10.300530433654785,571.4453125,8.586245107329688,12.014815759979882
3.7040579373963944,3.623664617538452,31.98487091064453,3.2180925174535906,4.029236717623314
4.298359084297682,4.1600213050842285,7.880997180938721,3.958701567085133,4.361341043083324
4.708120900197164,4.745065212249756,24.893672943115234,4.387265274922155,5.102865149577357
4.988810326720148,4.935127258300781,129.52951049804688,4.1189581880848705,5.751296328516692
4.036808821486685,4.057277202606201,6.632744789123535,3.8725876139649555,4.241966791247447
3.9749387621549186,3.9566240310668945,4.699404239654541,3.8011645646922654,4.112083497441524
4.33229590623024,4.242930889129639,9.712353706359863,4.019440930269481,4.466420847989796
4.008836350799482,3.9766054153442383,22.940284729003906,3.6331303835348003,4.320080447153677
4.455094562916753,4.470542907714844,16.382055282592773,4.180287737758781,4.7607980776709065
8.302896708251485,8.151193618774414,578.3857421875,6.426529374172071,9.875857863376758
4.006920776102119,3.8179214000701904,7.83332633972168,3.617211460418297,4.018631339722083
4.355019288003333,4.228935241699219,10.176451683044434,4.000167935682852,4.457702547715585
3.7348673201831915,3.600087881088257,11.068136215209961,3.3615084392958328,3.838667322880681
7.8609679280589955,7.677988052368164,308.87408447265625,6.417651575063669,8.93832452967266
3.7903404196527064,3.8434460163116455,20.570100784301758,3.5181985064549672,4.168693526168324
9.086407013035931,9.004830360412598,713.1790771484375,7.089714437107508,10.919946283717687
4.134315812560527,3.9614322185516357,7.4538960456848145,3.7656436026228413,4.15722083448043
4.49061955534281,4.572937488555908,26.99156951904297,4.200365808769603,4.945509168342213
4.541459880139526,4.355129718780518,37.488006591796875,3.916051448910154,4.794207988650881
4.900543112123855,4.958731174468994,18.976234436035156,4.646338537577052,5.271123811360936
4.044023132408289,4.067304611206055,13.429279327392578,3.8045065698747083,4.330102652537401
4.940399484483945,4.889100074768066,28.442317962646484,4.506646905582325,5.271553243953808
4.2907471870690745,4.3190507888793945,8.249589920043945,4.113077003370035,4.5250245743887545
6.501897012585431,6.373513698577881,121.40341186523438,5.583360656430112,7.16366674072565
3.822513436477175,3.8617827892303467,85.0716552734375,3.2003462052584726,4.523219373202221
3.986564415435528,3.7462944984436035,6.8367133140563965,3.5587866481223425,3.9338023487648646
5.2352704827448555,5.211979866027832,26.91141700744629,4.839961780547068,5.5839979515085965
4.155350362142767,3.919719934463501,9.686359405517578,3.6965292520583017,4.1429106168687
3.9908033357819144,4.058911323547363,5.302230358123779,3.8937816712537057,4.224040975841021
2.681880356137503,2.6690752506256104,34.452880859375,2.2481465471939517,3.090003954057269
3.986233572608228,4.024088382720947,5.406933784484863,3.8573362888453873,4.190840476596508
4.4613374964342905,4.3516645431518555,36.455299377441406,3.9186762992058792,4.784652787097832
4.508660153245701,4.377411365509033,36.98965072631836,3.941261356573103,4.813561374444964
4.156503159979519,4.023517608642578,7.166782379150391,3.8315367724038434,4.215498444881312
4.306380538403413,4.279613018035889,16.26472282409668,3.9903991567411836,4.568826879330594
4.491835843958074,4.527395248413086,21.890180587768555,4.191873680475194,4.862916816350978
4.465742966670614,4.458189010620117,14.214728355407715,4.18781493178946,4.728563089450774
3.255191846925034,3.3366763591766357,47.47893524169922,2.8425406315653956,3.830812086787876
4.478383644063075,4.244462966918945,8.369388580322266,4.036999019727088,4.451926914110802
4.183840486560528,4.198513031005859,7.8662261962890625,3.997382043577348,4.399644018434371
3.7910550711327637,3.844846248626709,15.903092384338379,3.5588656562752248,4.130826840978194
3.991352589841558,3.8947699069976807,7.432956695556641,3.6992564873955676,4.090283326599794
4.483530062705284,4.388845920562744,12.444729804992676,4.135864570236418,4.64182727088907
4.73776849827043,4.648075103759766,24.8439884185791,4.2906324057771155,5.005517801742416
3.5219605719715545,3.3591501712799072,11.849910736083984,3.11228870178984,3.6060116407699745
4.3236609597664675,4.3629608154296875,17.13524055480957,4.066108204339065,4.65981342652031
7.4403603252768535,7.523813247680664,207.0562286376953,6.491907764467902,8.555718730893426
5.286646836165806,5.219005107879639,153.2147674560547,4.331346265515478,6.106663950243799
3.8685725160468496,3.9195070266723633,7.468317031860352,3.7235291070161836,4.115484946328543
4.456628721791213,4.500732898712158,9.929117202758789,4.274762740850994,4.726703056573323
5.435622864870629,5.297670364379883,111.9786376953125,4.538807395999204,6.056533332760561
3.8758420773198425,3.661638021469116,5.764842510223389,3.4894553292464763,3.833820713691756
3.9821941784268304,3.8416426181793213,6.838479518890381,3.654110548919075,4.029174687439568
6.098072151555677,6.080360412597656,55.621849060058594,5.545527060993519,6.615193764201793
4.008566950788326,4.126808166503906,8.538509368896484,3.917258583909079,4.336357749098734
4.328427470479358,4.343090534210205,33.11830139160156,3.930394973287479,4.755786095132931
3.6579743408398144,3.6145453453063965,9.518806457519531,3.3932934402942694,3.8357972503185236
3.9244843777211655,3.8345229625701904,5.8846282958984375,3.660560603543502,4.008485321596879
4.069188308844589,4.2423996925354,9.198140144348145,4.024906443233255,4.459892941837546
3.7828714703711266,3.800936460494995,11.528886795043945,3.5574417912207354,4.044431129769254
3.90734129094086,3.6783974170684814,8.034679412841797,3.475124253173679,3.881670580963284
4.124956242979626,3.946138620376587,9.336097717285156,3.727020413750887,4.165256827002287
4.216604925025248,4.211822986602783,18.888559341430664,3.900152852468259,4.5234931207373075
4.006354467530153,3.9186737537384033,13.154062271118164,3.65858251853399,4.178764988942817
4.127911148593492,3.8451240062713623,8.926688194274902,3.630864079029108,4.059383933513616
5.204337896033607,4.987586975097656,86.55239868164062,4.320418795485698,5.654755154709615
4.187411457099021,3.932717800140381,11.193044662475586,3.692795901939947,4.172639698340815
4.200737127470306,4.360718727111816,11.397295951843262,4.118617671373599,4.602819782850034
4.084914254687615,4.100013256072998,7.25427770614624,3.9068640803973946,4.293162431748602
4.05385289223451,4.04945182800293,6.62968635559082,3.864804825499094,4.234098830506765
3.950787516095676,3.9378576278686523,12.71968936920166,3.682096803454801,4.193618452282504
4.319952022640113,4.288329124450684,29.336156845092773,3.8999128843803876,4.67674536452098
3.8536984640321905,3.9407689571380615,8.379883766174316,3.7331749711455444,4.148362943130579
4.256667118988363,4.201664924621582,9.38686752319336,3.9819517421167574,4.421378107126407
4.414205762222183,4.432906627655029,11.407382011413574,4.19069847170241,4.675114783607649
2.462744240139349,2.396636724472046,230.5753173828125,1.3077011700994634,3.4855722788446286
4.7382219683837254,4.78256893157959,1098.24462890625,2.4060279134783094,7.15910994968087
6.251926173903277,6.208409786224365,69.22648620605469,5.611742929513553,6.805076642935178
4.00937101687423,3.822827100753784,7.64261531829834,3.624575468947751,4.021078732559817
3.987158038202784,3.7944462299346924,7.442232608795166,3.598810853476297,3.9900816063930877
4.098567067721366,4.129175186157227,7.777440547943115,3.9291824968364297,4.329167875478023
3.700489868236126,3.6997828483581543,10.169490814208984,3.4710937961214134,3.928471900594895
4.1563648864618745,4.112531661987305,11.101162910461426,3.8735965315256813,4.351466792448928
4.1197977591128625,4.097305774688721,16.36005401611328,3.8072455780367243,4.387365971340717
3.8435574505357146,3.643902540206909,28.419994354248047,3.261599489072517,4.026205591341301
12.287648643037091,11.435127258300781,2330.092529296875,7.973483642885833,14.89677087371573
6.172297496540388,6.162541389465332,271.4759216308594,4.980966022094328,7.344116756836336
4.064520560596428,4.1279520988464355,6.595546722412109,3.9437811307205495,4.312123066972322
4.049469025558014,3.778803586959839,11.852655410766602,3.531913530115348,4.02569364380433
3.979030795968305,3.8179497718811035,5.6448211669921875,3.647568889030002,3.988330654732205
4.025897883207296,4.206255912780762,6.398690700531006,4.024854222546743,4.38765760301478
4.054897130094884,3.860421895980835,45.417152404785156,3.3771342195910568,4.343709572370614
5.384385304498917,5.230650424957275,65.84101867675781,4.648756207779631,5.812544642134919
3.9341521718420926,3.974514961242676,7.10052490234375,3.7834236247514936,4.165606297733858
3.7329312651594093,3.64626407623291,11.923134803771973,3.3986410667294122,3.893887085736408
3.741742716765433,3.8173234462738037,29.445932388305664,3.4281811603525894,4.206465732195018
4.632646051340633,4.5999674797058105,16.140159606933594,4.311863217690894,4.888071741720727
6.350080672799626,6.558724403381348,130.5796661376953,5.739253482028308,7.378195324734388
3.726411099075887,3.736586093902588,32.455745697021484,3.3280395260731117,4.145132661732064
4.767743234899747,4.630513668060303,33.77652359008789,4.213737147563938,5.0472901885566674
4.061549651807391,3.935136318206787,7.299266815185547,3.741389138248153,4.128883498165421
5.930625330749243,5.814807415008545,116.2447738647461,5.04162407261021,6.58799075740688
3.9034569062621074,4.0697197914123535,7.449869155883789,3.8739840690098704,4.265455513814836
3.356687442926738,3.390732526779175,34.433624267578125,2.9699214736708828,3.811543579887467
3.9110202479179024,4.0563836097717285,6.37329626083374,3.875342241213759,4.237424978329698
3.579829824097949,3.5725018978118896,13.142416954040527,3.3125258177397128,3.8324779778840665
5.287650943894627,5.1593523025512695,43.5886344909668,4.685893274243,5.632811330859539
4.072737728734332,3.8376805782318115,25.621850967407227,3.47468526242312,4.200675894040503
3.985645850600728,3.9233715534210205,5.525768756866455,3.754796958901242,4.091946147940798
3.3879817538753367,3.328011989593506,59.21200180053711,2.776187916735619,3.8798360624513926
3.197362969415376,3.146756887435913,64.78273010253906,2.5695581218946817,3.7239556529771445
9.390953911966358,9.651327133178711,497.5121765136719,8.051777842034767,11.250876424322655
3.05371006809342,3.120866060256958,20.52405548095703,2.795982780762038,3.445749339751878
4.129449685927979,4.134991645812988,9.2313871383667,3.9171056826439097,4.352877608982067
4.6138846559046724,4.534678936004639,15.351969718933105,4.2536973736500885,4.815660498359189
5.787014845691209,5.531795024871826,58.81526184082031,4.981822760891008,6.081767288852644
3.8617285079242225,3.7592811584472656,12.452609062194824,3.506219734477425,4.012342582417106
3.748988151589899,3.5828797817230225,9.013555526733398,3.3675798759799314,3.7981796874661136
3.9040989696257977,4.0040283203125,11.548311233520508,3.760328611438352,4.247728029186648
3.551255930300889,3.492830991744995,10.911724090576172,3.2559433205513875,3.7297186629386028
3.3970289959015907,3.5175187587738037,468.6733093261719,1.9650213601175073,5.0700161574301
8.93215457808765,9.033865928649902,1678.532470703125,6.095806041091046,11.97192581620876
3.722190777881702,3.9058544635772705,9.71833324432373,3.682295718040407,4.1294132091141345
6.7555286751301225,6.78897762298584,224.46124267578125,5.714576504125722,7.863378741845958
4.162727650362598,3.941758632659912,9.826672554016113,3.716957232033555,4.166560033286269
4.289618696597838,4.147799015045166,8.966218948364258,3.9330651998344233,4.362532830255908
3.9505827587832996,3.833921194076538,6.540712833404541,3.650517401771499,4.017324986381578
3.0756227048122695,3.117837905883789,18.823944091796875,2.806701319480017,3.428974492287561
3.0398706138828264,2.9973764419555664,72.25377655029297,2.3878029873879254,3.6069498965232074
3.892142188963325,4.088446140289307,8.47989559173584,3.879617037311252,4.297275243267362
3.2256981703625347,3.221792221069336,14.634208679199219,2.947457743277163,3.496126698861509
3.348324326882479,3.3387253284454346,11.72042179107666,3.093216343306528,3.584234313584341
3.7605619525582874,3.7951695919036865,10.909363746643066,3.5583075429954865,4.032031640811887
3.792365068823476,3.7054617404937744,31.009557723999023,3.306121057373711,4.104802423613838
3.995766743110693,3.9556055068969727,17.273530960083008,3.6575574246142373,4.253653589179708
4.9588303511232485,4.779601097106934,19.68258285522461,4.461447517006119,5.097754677207748
3.9039039005055853,3.793409585952759,7.123428821563721,3.602010299218433,3.9848088726870845
3.3240803818646234,3.5457096099853516,15.491079330444336,3.2634578819842313,3.827961337986472
4.1819343923464105,4.134232521057129,7.307305335998535,3.94037868571651,4.328086356397748
4.325786914401702,4.208948612213135,9.567468643188477,3.9871318844947776,4.430765339931492
3.844432769583851,4.054225444793701,7.9666361808776855,3.8518148399618233,4.256636049625579
4.398450196495263,4.30155611038208,10.968664169311523,4.064051174132872,4.539061046631288
4.583547880304066,4.5446929931640625,409.0089111328125,3.094378604956347,5.995007381371778
4.822940737442514,4.7692036628723145,30.503076553344727,4.373137635073146,5.165269690671483
3.998518794714832,4.023819446563721,6.346768856048584,3.8431552427637787,4.204483650363663
4.210231832040037,4.197991371154785,7.751631259918213,3.998330793550862,4.397651948758709
5.394508471063568,5.376208782196045,82.95014953613281,4.723071676943986,6.029345887448104
4.423097672048532,4.410609722137451,96.82418060302734,3.7049624197256463,5.116257024549256
3.9206952962332355,4.091883659362793,206.3877716064453,3.061645216313853,5.122122102411733
6.2145732707957855,6.23050594329834,112.36432647705078,5.4703372198704665,6.990674666726213
4.003726364583364,3.985673427581787,11.353828430175781,3.7440344808337658,4.227312374329808
4.077380526331427,3.996394395828247,6.07402229309082,3.8196547577912066,4.173134033865288
4.660566613709375,4.466183185577393,36.30519104003906,4.034087297346873,4.898279073807912
3.9383467210842937,3.9355812072753906,19.330097198486328,3.6202893249167336,4.250873089634047
4.362922633465443,4.228706359863281,72.23772430419922,3.619200621940392,4.838212097786171
3.5909241376971472,3.7125468254089355,9.834080696105957,3.4876607039904703,3.9374329468274007
4.27867987829022,4.2724528312683105,8.948065757751465,4.057936503436925,4.486969159099696
3.918076444344307,3.971552848815918,14.25317096710205,3.7008134141518463,4.24229228347999
3.6681011633161327,3.738321542739868,82.1542739868164,3.0883252921608833,4.388317793318853
4.746176411179985,4.789682388305664,60.37083435058594,4.232484631356051,5.346880145255277
4.097566416930129,4.015398025512695,7.633383274078369,3.817266170825892,4.2135298801994985
3.92279963274384,3.7246901988983154,8.08529281616211,3.5207777938830715,3.9286026039135593
4.519198596346055,4.428298473358154,111.28129577636719,3.6718020876436865,5.184794859072622
3.993661927519523,3.9862418174743652,10.182913780212402,3.7574018887995186,4.215081746149212
4.030572527134468,3.8715970516204834,13.835955619812012,3.6048495560665477,4.13834454717442
3.971392480827275,4.0419111251831055,6.607397079467773,3.8575747793887003,4.226247470977511
4.152083916946904,4.300201892852783,7.796165466308594,4.099968597676506,4.50043518802906
4.114874119087709,3.9204180240631104,6.823590278625488,3.7330902203517278,4.107745827774493
4.4731862339914175,4.320152282714844,27.948123931884766,3.941036293962922,4.6992682714667655
4.991062327373333,4.929335117340088,47.80656433105469,4.4334974253688575,5.425172809311318
4.052707608984739,3.9739279747009277,7.294690132141113,3.780241544574711,4.167614404827145
3.6536153332347956,3.6908376216888428,10.832090377807617,3.454815935951279,3.9268593074264064
4.041505912416314,3.9976394176483154,11.27469539642334,3.7568440215037513,4.238434813792879
4.0785541128432445,4.1279449462890625,38.0914421081543,3.68534691488072,4.570542977697405
5.85531231491038,5.644415378570557,77.46065521240234,5.0132599040499315,6.275570853091182
3.455040292372542,3.616926670074463,12.021269798278809,3.3682867012861095,3.8655666388628163
3.196162950611907,3.0185160636901855,182.99005126953125,2.048431687947393,3.988600439432978
3.6467743878914507,3.783205032348633,147.8126678466797,2.9113353056418285,4.655074759055437
4.7598761218199925,4.705252170562744,114.97666931152344,3.9362976891960946,5.474206651929394
4.252661305842249,4.299508094787598,18.81780242919922,3.9884222695797247,4.610593919995471
2.1488267303248736,2.1022908687591553,56.298282623291016,1.5642152126652347,2.640366524853076
2.96420860148198,2.8506581783294678,89.63937377929688,2.171696633371146,3.5296197232877895
3.7060146856260396,3.5793676376342773,32.41947555541992,3.171049414335939,3.987685860932616
4.4552920887628265,4.3474321365356445,12.07109260559082,4.0982774495699,4.596586823501389
4.063806169761327,4.119865417480469,6.837420463562012,3.9323478700541075,4.30738296490683
6.183396483595485,6.112368583679199,58.97560119628906,5.561647175872173,6.663089991486226
5.739860565341631,5.7192864418029785,785.5721435546875,3.709319993642586,7.729252889963371
4.752147618544994,4.627245903015137,46.79166030883789,4.136699609937185,5.117792196093088
4.457643586510061,4.646726608276367,19.605985641479492,4.329192698713995,4.964260517838739
5.581071182346601,5.550988674163818,170.73248291015625,4.613957912454024,6.488019435873612
4.180239405988971,3.813932180404663,14.800823211669922,3.538040435415654,4.089823925393673
4.274137074679088,4.142472743988037,8.12897777557373,3.9380102101556584,4.346935277820416
5.15862413261329,5.354242324829102,27.690641403198242,4.976876750805005,5.731607898853198
2.5038456277684045,2.7888410091400146,61.69317626953125,2.225573973335619,3.3521080449444103
4.761408527871756,4.842343807220459,31.056846618652344,4.442698747211483,5.241988867229435
10.09011295504503,9.526792526245117,333.80828857421875,8.216572212354095,10.83701284013614
1.9455080897448402,2.0470590591430664,87.2291488647461,1.3772876758622794,2.7168304424238534
3.610706851390726,3.6749062538146973,36.3702278137207,3.2424235125271026,4.1073889951022915
3.4958239032508134,3.44180965423584,15.336176872253418,3.160972654456528,3.7226466540151515
4.729628963225807,4.6327996253967285,37.3679313659668,4.194425110044648,5.071174140748809
3.992423791781357,3.72733736038208,7.021900653839111,3.537306947992599,3.917367772771561
4.83464362323149,4.840610027313232,34.54365539550781,4.4191271688761,5.262092885750365
4.118909194797456,3.9006121158599854,21.263425827026367,3.5699287200832357,4.231295511636735
5.503974150199898,5.35697078704834,69.22850036621094,4.760295250322595,5.953646323774085
2.667112518188604,2.657683849334717,184.6085205078125,1.683318925639015,3.6320487730304185
4.14205141507659,4.135035514831543,8.46950626373291,3.9263343768126444,4.343736652850441
4.009645824267756,3.914220094680786,7.258714199066162,3.721011865987711,4.1074283233738615
9.53071855437055,8.897581100463867,745.9876708984375,6.938909639772132,10.856252561155603
4.1735192538192045,4.204670429229736,7.929486274719238,4.002732315016901,4.406608543442571
3.9787862627722745,3.9431724548339844,25.813562393188477,3.5788216425060764,4.307523267161892
6.651029764788475,6.936944484710693,323.9605407714844,5.6461953931208235,8.227693576300563
4.511499082743067,4.532045841217041,1403.4967041015625,1.845455376594551,7.2186363058395315
4.8863949935685005,4.829578876495361,882.857421875,2.6987868811856903,6.960370871805033
4.329875062124741,4.2949981689453125,24.064647674560547,3.943206521144175,4.64678981674645
2.997354852820757,2.9236819744110107,251.25033569335938,1.7869735051708475,4.060390443651174
4.164190908166507,3.9209885597229004,10.560868263244629,3.6879404508606215,4.154036668585179
4.444039218625309,3.9707729816436768,76.84011840820312,3.34215068183304,4.5993952814543135
9.06734301940988,8.853111267089844,303.88690185546875,7.602991100352893,10.103231433826794
5.172503427737731,5.302080154418945,38.750892639160156,4.855667367428004,5.748492941409887
3.913605343771098,3.9251458644866943,21.80583953857422,3.590271288730636,4.260020440242753
3.7774552703719553,3.936270236968994,101.92756652832031,3.212265182167737,4.660275291770251
4.055866304373046,3.9720993041992188,6.84843111038208,3.784430832974315,4.159767775424123
4.206771619575416,4.299908638000488,9.82569694519043,4.075118396984523,4.524698879016453
1.8197502557989618,1.8148633241653442,241.57615661621094,0.7002536601326534,2.929472988198035
3.8993700024225615,4.037728309631348,8.521982192993164,3.828381627810112,4.247074991452584
3.9087060501864475,3.977454423904419,14.876204490661621,3.7008610064676,4.254047841341238
3.8436053684950573,3.8001296520233154,6.175461769104004,3.621920300787966,3.978339003258665
0.6142423300046339,0.5911771059036255,221.81211853027344,-0.47686507606817385,1.6592192878754248
5.997076055307999,5.845636367797852,259.8210144042969,4.689702715282796,7.001570020312907
3.7322946533406407,3.686096668243408,23.222869873046875,3.3405125984868964,4.03168073799992
4.108063247516029,4.110611438751221,7.596993923187256,3.9129524086620506,4.308270468840391
3.868635907978689,3.6169891357421875,8.56612491607666,3.4071009603850406,3.8268773110993344
4.287178891809019,4.5113396644592285,41.89065170288086,4.047193967122922,4.975485361795535
4.8999508102625144,4.915213108062744,14.819476127624512,4.6391475698632645,5.191278646262224
3.9131711342810567,3.991973638534546,8.334603309631348,3.7849412762611876,4.199006000807904
3.7815335320015007,3.6354916095733643,9.366522789001465,3.4160166551538667,3.854966563992862
4.781681999617633,4.694923400878906,97.39899444580078,3.987184598116385,5.402662203641428
4.307191543597828,4.290050983428955,12.137923240661621,4.0402075360037335,4.539894430854177
3.936454738038351,3.921938180923462,11.03834342956543,3.683680055010383,4.160196306836541
4.254306659251046,4.246898174285889,23.31341552734375,3.9006410461548064,4.593155302416971
1.3135329557254494,1.4812108278274536,440.822021484375,-0.02445090020762475,2.986872555862532
4.09370905767712,4.173898220062256,7.403819561004639,3.978768382308687,4.369028057815825
4.0566819087770325,4.033412456512451,9.942818641662598,3.8072864414445027,4.2595384715804
3.999333084416879,3.6859092712402344,14.422199249267578,3.4135692192273694,3.9582493232530993
3.9987190220824353,3.890378952026367,5.896622180938721,3.716239400630078,4.064518503422657
4.16994605971387,3.8532323837280273,7.88258171081543,3.651892408371922,4.0545723590841325
3.370238240834686,3.2751870155334473,25.31338882446289,2.9143833712108953,3.6359906598559992
4.035995988918712,4.010308265686035,6.332746982574463,3.8298437423365366,4.190772789035534
4.229646914848061,4.227272033691406,8.954804420471191,4.012674946444174,4.441869120938638
3.902358299024079,4.000571250915527,27.236459732055664,3.62631324566577,4.374829256165285
3.89613069510563,3.84671950340271,6.5359416007995605,3.6633826167864263,4.030056390018994
3.7533100332331544,3.8638224601745605,16.602916717529297,3.57161724341033,4.156027676938791
3.6921761706666247,3.599893093109131,646.921142578125,1.7759073353204458,5.423878850897816
7.782712117389344,7.0806474685668945,649.1417236328125,5.2535339428052445,8.907760994328545
3.5376029545313052,3.354914665222168,11.82774543762207,3.108284181407999,3.601545149036337
3.975534722110934,3.8093440532684326,9.689682960510254,3.5861150838837403,4.032573022653125
3.9983426551153447,4.098151206970215,24.590307235717773,3.7425381095324872,4.453764304407943
2.5900712995650053,2.6302573680877686,57.81589889526367,2.0849775654352376,3.1755371707402995
4.798745691954488,4.878594398498535,40.34705352783203,4.4230804474331995,5.334108349563871
4.756570254345765,4.77443790435791,55.721717834472656,4.239124622672557,5.309751186043263
4.522370675908361,4.480986595153809,40.250022888183594,4.026020706606148,4.935952483701469
4.254779094245077,4.25574254989624,7.498498439788818,4.059369030692228,4.452116069100253
4.012318633425158,3.858750104904175,7.997494697570801,3.6559478633725164,4.061552346435833
3.969346833276157,3.947436571121216,6.060490608215332,3.770893912815923,4.123979229426508
3.7879374044061467,3.614748477935791,8.96349048614502,3.400047337461448,3.829449618410134
4.137576628955896,3.832674503326416,12.971046447753906,3.5743989636486555,4.0909500430041765
5.786936659659424,5.669441223144531,28.48550796508789,5.2866977842392915,6.052184662049771
5.718640847520221,5.506936550140381,41.71297836303711,5.043776203247797,5.970096897032965
6.071758060493359,5.954623699188232,192.1414031982422,4.960578231615666,6.948669166760799
4.230539629839601,4.215999126434326,9.255739212036133,3.997825964802478,4.434172288066174
4.244599761825645,4.260496616363525,9.622138977050781,4.038047039945606,4.482946192781445
4.209340269911865,4.303860664367676,9.187517166137695,4.086493043370717,4.521228285364635
4.142305440752374,3.931256055831909,8.524561882019043,3.7218776907436784,4.14063442092014
3.8631967090356447,3.793076992034912,5.648205280303955,3.6226450445171623,3.963508939552662
4.23326291347934,4.171564102172852,21.320798873901367,3.840434881401412,4.502693322944292
4.852500030024612,4.797457218170166,29.638280868530273,4.407046011851146,5.187868424489186
4.840921894591284,4.936041355133057,30.961118698120117,4.537012692484128,5.335070017781986
6.644526751246072,6.271273136138916,191.92604064941406,5.277784914906292,7.26476135737154
4.100184315541213,3.910395860671997,6.965358734130859,3.7211320784320048,4.099659642911989
3.9529118839600565,3.913592576980591,73.43062591552734,3.299074892427929,4.528110261533253
3.900521616550232,3.7060558795928955,12.777948379516602,3.4497100035601993,3.9624017556255917
4.890190220453162,4.8508710861206055,28.403398513793945,4.468679674117286,5.233062498123925
2.9049643309262057,2.9239838123321533,1976.621337890625,-0.2643039345966529,6.112271559260959
4.443842784927005,4.428430557250977,9.505106925964355,4.207337923195216,4.649523191306737
4.088804075479523,4.0809006690979,5.452306747436523,3.9134503763637585,4.248350961832043
3.869258525387498,4.0719122886657715,54.473602294921875,3.542628224496163,4.601196352835379
3.7284034590732387,3.5795369148254395,11.090045928955078,3.3407214521313637,3.818352377519515
4.214820200023706,4.07602596282959,10.333447456359863,3.845500773062968,4.306551152596212
3.87938543554413,3.977604866027832,31.393123626708984,3.5758019950146473,4.379407737041017
4.052662983267648,3.9066591262817383,9.87804126739502,3.681270919360785,4.132047333202691
4.090093320871884,4.048844337463379,8.962785720825195,3.8341516377238474,4.26353703720291
4.0863711792564255,4.152824878692627,7.662108898162842,3.9543205733795657,4.351329184005689
3.9829338304825384,3.8001298904418945,7.236349105834961,3.607219541893814,3.993040238989975
4.703772074475708,4.708583831787109,23.62059783935547,4.36005299164186,5.057114671932359
3.829636206372977,3.9741556644439697,50.2758674621582,3.4656736959936363,4.482637632894303
4.273890971480845,4.146785259246826,7.115501880645752,3.9554924965754346,4.338078021918218
4.091401187839099,3.9622206687927246,6.030934810638428,3.7861090181882116,4.138332319397238
5.357253349415882,5.3609819412231445,45.68858337402344,4.8762522564274295,5.8457116260188595
4.258837474835164,4.2087273597717285,19.79135513305664,3.8896958814258302,4.527758838117627
3.9835159314217314,3.7363226413726807,9.666069030761719,3.5133658443961413,3.95927943834922
5.455582232869057,5.089523792266846,39.79645919799805,4.637128593496803,5.541918991036888
4.744691873382615,4.630545616149902,2583.53466796875,0.9855004232258375,8.275590809073968
4.004056263321401,3.870814085006714,8.476235389709473,3.6620300556498964,4.079598114363531
4.67125747310491,4.734140872955322,14.273836135864258,4.463205241612057,5.005076504298588
7.300484968658795,6.9437360763549805,136.3401336669922,6.106384912737427,7.781087239972534
4.952990094406546,4.925237655639648,57.78102111816406,4.38012234940458,5.470352961874717
5.237829865738355,5.202573776245117,87.32054138183594,4.532451615338041,5.872695937152193
5.096450504801828,5.264995098114014,59.668251037597656,4.711049105953856,5.818941090274171
3.895553164922848,3.8001608848571777,6.680985450744629,3.614800879453674,3.9855208902606813
4.103842444296533,4.081365585327148,9.64881420135498,3.8586078765149923,4.304123294139305
4.156579094437602,4.107952117919922,8.68978214263916,3.8965544389190288,4.3193497969208146
3.7006268778243054,3.5244009494781494,12.185979843139648,3.274063399137984,3.774738499818315
4.630024332825692,4.489049911499023,54.183597564697266,3.961176619833048,5.016923203164999
5.233591803153253,5.117943286895752,26.653125762939453,4.747714789249019,5.488171784542485
4.006312713917829,3.9049675464630127,7.648881912231445,3.706634652689991,4.103300440236034
3.585162341360402,3.409135341644287,89.33943939208984,2.7313106550811654,4.086960028207408
3.4344919149059554,3.422779083251953,53.6855583190918,2.897337418022532,3.9482207484813743
4.030551046437553,4.029243469238281,46.888267517089844,3.538191040323293,4.52029589815327
4.101978184172347,4.1212873458862305,15.45268440246582,3.839385617966434,4.403189073806027
5.693199835032734,5.445206165313721,91.39131927490234,4.759641786934201,6.130770543693241
4.016048005363631,3.8974170684814453,6.5910115242004395,3.713309430623147,4.081524706339743
3.7723833852166444,3.768554449081421,19.02014923095703,3.455800551611879,4.081308346550963
3.5207372234493493,3.2856764793395996,34.387359619140625,2.86514821986279,3.7062047388164094
3.9232188968638546,3.933504104614258,6.434329032897949,3.7515979457863637,4.115410263442152
4.230681208786273,4.27099609375,19.170562744140625,3.9570079847699873,4.584984202730013
4.025615594854454,4.1345977783203125,13.10033130645752,3.8750382896183635,4.394157267022261
3.8116432331269965,3.6986758708953857,15.583579063415527,3.415582711811248,3.9817690299795236
3.997866585045909,3.8946776390075684,8.056574821472168,3.6911276923884864,4.098227585626651
4.906956444369511,4.937605381011963,33.044891357421875,4.525367464369278,5.3498432976546475
4.169621068634091,4.072653770446777,14.417573928833008,3.800357392806941,4.344950148086614
3.7889766277062438,3.6683194637298584,9.35453987121582,3.448984945205263,3.8876539822544536
4.09614360839961,4.006763458251953,10.661048889160156,3.772612608659381,4.240914307844525
3.8733235836798223,3.688204288482666,6.9461164474487305,3.499202114208895,3.877206462756437
5.26367531393421,4.944570064544678,26.308757781982422,4.576741085500089,5.3123990435892665
4.064491123834556,4.0487446784973145,6.12749719619751,3.87122874890341,4.226260608091219
7.981526106198297,8.005992889404297,305.3927307128906,6.752779234995531,9.259206543813063
4.1822039896465215,4.150702476501465,10.144891738891602,3.922290180759271,4.379114772243659
3.746489358275599,3.6334798336029053,10.579520225524902,3.4002260178396733,3.8667336493661373
2.8315443234635365,2.9343621730804443,61.78066635131836,2.3706958806426623,3.4980284655182263
3.7558384168904517,3.836757183074951,9.993151664733887,3.610059537438439,4.063454828711463
7.364644722683877,7.2591633796691895,952.2788696289062,5.046181568913813,9.472145190424566
10.098398340814164,10.096623420715332,637.31689453125,8.286227818000745,11.90701902342992
13.371579103401332,13.294164657592773,902.7343139648438,11.139519558576701,15.448809756608846
4.200472115846987,4.029018878936768,9.431934356689453,3.8087789008264274,4.249258857047108
4.168818465832672,4.2241597175598145,11.049978256225586,3.985776058231073,4.462543376888556
3.9776776769908713,3.8373196125030518,10.806137084960938,3.60158084600171,4.073058379004394
4.576682215067822,4.529186248779297,21.522706985473633,4.196492824540121,4.861879673018473
1.1888631092649176,1.2327269315719604,376.4925231933594,-0.15874339202292664,2.6241972551668473
4.487677787731696,4.400672435760498,31.116497039794922,4.000643763715689,4.800701107805307
5.237997365099856,4.451876640319824,219.9374542236328,3.3883573604938353,5.515395920145814
4.093365444513666,3.88774037361145,77.26136779785156,3.25739732668897,4.51808342053393
4.041880217443311,4.111186981201172,11.122976303100586,3.8720172164031053,4.350356745999239
4.377506097134184,4.197376251220703,15.189778327941895,3.9178828952287046,4.476869607212702
4.073770963284567,4.2989397048950195,19.66473388671875,3.9809304148317293,4.61694899495831
3.8853248674544263,3.9949417114257812,7.828460216522217,3.7942941227457907,4.195589300105772
4.009028479434385,3.910912275314331,8.882987022399902,3.6971774531072383,4.124647097521424
4.807670287723866,4.871174335479736,31.20184326171875,4.47059744045507,5.271751230504402
3.9853315895076364,4.017276763916016,8.233301162719727,3.8115064257786457,4.2230471020533855
3.801556593835386,3.703829288482666,10.430132865905762,3.4722281495091134,3.9354304274562186
4.660439183525725,4.7445783615112305,24.983715057373047,4.38613191487478,5.103024808147681
5.099710281487086,4.990291118621826,15.809138298034668,4.705156551913108,5.275425685330545
3.4142928226419182,3.379201650619507,21.627548217773438,3.045698904045478,3.712704397193536
4.1852481208132755,4.274044990539551,10.015719413757324,4.047091511179364,4.500998469899738
3.9403388962512227,3.8441383838653564,10.033520698547363,3.616983307904332,4.071293459826381
3.5017719863267547,3.369750499725342,9.719961166381836,3.1461730307631495,3.593327968687534
1.9871187074949201,2.1082382202148438,50.28626251220703,1.5997036875563913,2.6167727528732962
5.864309581289307,5.680013656616211,129.22555541992188,4.864802763573535,6.495224549658887
3.998107766854227,3.8730998039245605,7.878452777862549,3.671812566883149,4.074387040965972
4.071564541584012,4.0215349197387695,6.926721572875977,3.832796794871905,4.210273044605634
4.097666398453782,4.062994956970215,43.51426696777344,3.589939990484856,4.536049923455574
4.463573436390597,4.434216499328613,14.339676856994629,4.162656716442477,4.7057762822147495
4.006476385820446,3.948460578918457,19.522314071655273,3.6316049562878994,4.265316201549014
4.228321718192313,4.130879878997803,11.062034606933594,3.892366207943541,4.369393550052065
5.233756412634086,5.1438140869140625,156.716064453125,4.246070050440267,6.041558123387858
3.6785439120572003,3.5795607566833496,14.9107027053833,3.3026468121421027,3.8564747012245966
5.640938270566739,5.538028240203857,80.86677551269531,4.893145381057451,6.182911099350264
3.8153205975041984,3.8311924934387207,14.310766220092773,3.5599065984334826,4.102478388443958
4.019454741871262,3.9646294116973877,8.151782035827637,3.7598802888543323,4.169378534540443
3.9208411541069483,4.094782829284668,329.14208984375,2.793752317975615,5.395813340593721
4.477473914395326,4.3928914070129395,47.75862503051758,3.8973023845966432,4.888480429429236
3.9096197702490407,3.9440319538116455,35.51683044433594,3.5166532560288064,4.371410651594485
9.325944864906194,9.211673736572266,1434.1109619140625,6.495940245358529,11.927407227786002
3.9599149393835864,3.915879726409912,21.466249465942383,3.5836229428644133,4.248136509955411
9.483153005683864,9.460537910461426,777.8466796875,7.460479074416705,11.460596746506146
4.273542811562467,4.145310878753662,13.16457748413086,3.885115707277028,4.405506050230296
4.176412973858776,4.207091808319092,28.920387268066406,3.8214378240000437,4.59274579263814
3.9974468612789615,3.8387091159820557,6.255764484405518,3.6593448330967604,4.018073398867351
4.2149818602694875,4.097876071929932,5.950852870941162,3.922937580582172,4.2728145632776915
4.454282621421587,4.320956707000732,9.865609169006348,4.095710376919493,4.5462030370819715
6.6792938712921535,6.689204216003418,123.44367218017578,5.892439328973394,7.485969103033442
3.905929515126547,3.7838261127471924,7.716924667358398,3.584613009484518,3.9830392160098667
6.388447154977645,6.23613977432251,151.43043518066406,5.353664886617612,7.118614662027407
3.810468527720969,3.882974863052368,9.554777145385742,3.6613053070072024,4.104644419097534
3.9416760033612444,4.035679340362549,15.675131797790527,3.7517558201194294,4.319602860605668
3.289027880242227,3.3402624130249023,28.469099044799805,2.9576292286269106,3.722895597422894
4.154261471814537,3.868931531906128,12.125567436218262,3.6192152809841405,4.118647782828115
4.240477056646337,4.15394401550293,9.384958267211914,3.9342531785803594,4.3736348524255
4.58609104140507,4.4254865646362305,18.826635360717773,4.114327737348879,4.736645391923582
4.087014484363476,3.9159915447235107,7.799724578857422,3.7157125494193974,4.116270540027624
4.034485643968659,3.9241840839385986,7.720381259918213,3.7249263695472936,4.123441798329903
4.026701513230779,3.980590343475342,6.142712116241455,3.8028541595058445,4.1583265274448395
3.0044246282408933,3.194101333618164,34.01191329956055,2.775875069889051,3.612327597347277
3.9912503490792686,3.758256435394287,89.84349822998047,3.0785222732457127,4.4379905975428615
4.1323518721761925,4.144186019897461,222.0022430419922,3.0756862039936386,5.212685835801283
4.067367517186055,3.8746511936187744,9.02769660949707,3.6591824654515595,4.090119921785989
5.3734870239347865,5.33554744720459,91.1996078491211,4.650702499966207,6.020392394442973
3.865874915028425,3.8627829551696777,8.825859069824219,3.6497365234579275,4.075829386881428
3.92527794432641,3.9049103260040283,7.325888633728027,3.71081015114934,4.099010500858717
6.044061800198482,6.076839923858643,400.1249694824219,4.64236289683831,7.511316950878975
3.9756044285616503,3.701087474822998,6.762387752532959,3.514601658851896,3.8875732907941
4.077799732391313,4.036062240600586,5.958578109741211,3.861010235834384,4.2111142453667885
3.469164994265776,3.505894660949707,21.67754554748535,3.1720066506117854,3.8397826712876286
4.095783069121685,4.050603866577148,10.642986297607422,3.8166514573132417,4.284556275841055
3.8702917432788313,3.757964849472046,8.456503868103027,3.5494239720968452,3.9665057268472466
3.8427672792301433,3.6915011405944824,15.030972480773926,3.413472644654937,3.969529636534028
3.977776262938716,3.9531476497650146,12.000289916992188,3.7047247426962104,4.201570556833818
4.122237146178509,4.101025104522705,10.596551895141602,3.8675836099119016,4.334466599133509
4.026789421238245,4.054584980010986,7.867045879364014,3.8534435136458454,4.255726446376127
3.960240655293515,3.9338746070861816,50.703861236572266,3.4232328955124496,4.444516318659914
4.475716951750837,4.472653865814209,17.204877853393555,4.175198664589321,4.770109067039097
7.261891370504959,7.110574245452881,203.69598388671875,6.087076232919917,8.134072257985844
4.018596986728057,4.1319050788879395,6.4996209144592285,3.949078309924034,4.314731847851845
4.356318951553773,3.9682676792144775,12.29847526550293,3.7167772822094407,4.219758076219515
3.6825255610992773,3.8040900230407715,12.238264083862305,3.5532160078617268,4.054964038219816
4.024909149482992,3.9841597080230713,7.183986663818359,3.7919485792373466,4.176370836808796
4.504203053428246,4.4621357917785645,12.786104202270508,4.2057081194370385,4.71856346412009
4.124007438287089,3.968839645385742,11.826476097106934,3.7222223959815772,4.215456894789907
3.230330134281941,3.2405130863189697,44.540252685546875,2.761913731612939,3.7191124410250005
4.584744861599395,4.648040771484375,28.027339935302734,4.268387880810715,5.027693662158035
4.642920787348037,4.793179035186768,20.300003051757812,4.470073928545092,5.1162841418284435
3.545740611409962,3.4121906757354736,22.768983840942383,3.0700004542378783,3.754380897233069
4.674742388721118,4.728750228881836,52.8530387878418,4.207398579885876,5.250101877877796
4.661778931455957,4.807165145874023,23.19758415222168,4.461769268237865,5.152561023510182
4.983561459622787,4.9107184410095215,38.809242248535156,4.463969684808344,5.357467197210699
3.879187766356428,3.9449734687805176,12.73139762878418,3.689094959679037,4.200851977881998
4.003256725378169,3.8793272972106934,9.310334205627441,3.6605116342508768,4.0981429601705095
3.977109902457514,4.068124771118164,83.21382904052734,3.413950402972682,4.722299139263646
3.8013518821523773,3.781667470932007,7.813137054443359,3.581216348825191,3.9821185930388228
4.046258217043178,3.7065703868865967,18.100019454956055,3.4014752457176956,4.011665528055498
3.922208774912993,4.048460483551025,7.831420421600342,3.8477749626432263,4.249146004458824
4.03003567834114,3.982978105545044,6.978672027587891,3.7935335342390863,4.172422676851001
3.688223637786578,3.701751947402954,155.79354858398438,2.8066541154115816,4.596849779394327
6.304395110732577,6.4876203536987305,647.7351684570312,4.662487388985866,8.312753318411595
3.9918221806708667,3.87695050239563,6.282528877258301,3.697202936823379,4.056698067967881
2.7935302771459645,2.6849327087402344,116.14495086669922,1.9120814159186812,3.4577840015617873
3.6838166949819002,3.694854497909546,12.1102933883667,3.4452955748768073,3.9444134209422845
4.076894950375686,3.968897819519043,8.095526695251465,3.764856405263104,4.172939233774982
4.877937273099673,4.992475509643555,33.23856735229492,4.579031295437482,5.405919723849627
3.9028897196585985,3.7949256896972656,9.241315841674805,3.5769225857518787,4.0129287936426525
4.372989803733613,4.189942359924316,69.2814712524414,3.5930385906922915,4.786846129156341
4.114304983138585,4.179859161376953,7.63849401473999,3.981660990676913,4.3780573320769935
4.90807115218694,4.726003170013428,23.411514282226562,4.379018312050686,5.072988027976169
4.151228949608643,3.897188901901245,10.902254104614258,3.6604040471756427,4.1339737566268475
4.733863998201171,4.651232719421387,18.348636627197266,4.344049370705508,4.958416068137265
4.031282438385868,3.914125919342041,10.094117164611816,3.6862859355104938,4.141965903173588
9.407884373427812,9.548893928527832,3024.55517578125,5.60498819256104,13.492799664494624
4.193655592848055,4.144786357879639,25.43795394897461,3.783096060333246,4.506476655426031
3.2967435298659877,3.261878490447998,22.411840438842773,2.9223825923395315,3.6013743885564646
4.404733221282774,4.332571506500244,38.026824951171875,3.890349039313004,4.774793973687484
4.26290555039835,4.144503116607666,9.488109588623047,3.923608253479454,4.365397979735878
3.9852943420226308,3.71480131149292,6.880788803100586,3.526690011639566,3.9029126113462738
3.5699382619332254,3.5962979793548584,145.7586669921875,2.7305071838219916,4.462088774887725
4.21603708483285,4.173811435699463,22.005165100097656,3.8374098098409744,4.510213061557951
3.8876871012528484,3.8299500942230225,16.059892654418945,3.5425631136526428,4.117337074793403
4.005721497061816,4.137559413909912,8.082805633544922,3.9336783748829003,4.341440452936924
4.116880293178769,3.8936333656311035,10.071062088012695,3.666053725078051,4.121213006184155
3.891072920323032,3.7871694564819336,8.749951362609863,3.5750411670337643,3.999297745930103
5.775860495042246,5.9014997482299805,164.56752014160156,4.981542103130812,6.821457393329149
4.351974682528424,4.244810104370117,33.11394500732422,3.832141687345236,4.6574785213949985
3.6801754431798557,3.4832043647766113,22.744213104248047,3.1412003310018934,3.825208398551329
3.991584725259689,3.887880563735962,6.099647521972656,3.7107685014014677,4.064992626070456
4.016381229901056,4.1046953201293945,14.820365905761719,3.8286214944104624,4.380769145848326
3.9978685611287585,3.940272808074951,7.210574626922607,3.7477063207068815,4.132839295443021
4.101592835604464,4.064721584320068,9.013153076171875,3.84942648514498,4.280016683495156
3.896431583703655,4.00253438949585,7.172816276550293,3.8104727534720912,4.1945960255196075
6.334368692863501,6.278004169464111,51.11714172363281,5.765285594732473,6.79072274419575
4.24091307245842,4.320068836212158,8.842402458190918,4.106822828471997,4.533314843952319
3.8068310052559347,3.8199517726898193,9.36544132232666,3.6004894890183787,4.03941405636126
4.0764982352658885,3.943495988845825,7.8336591720581055,3.7427817852295777,4.144210192462072
4.940406623523451,4.803285598754883,34.34328842163086,4.383026902368634,5.2235442951411315
4.588975636529591,4.588168144226074,60.51919937133789,4.030286133620242,5.146050154831906
4.023366556678083,3.978635549545288,8.32095718383789,3.7717727422532605,4.185498356837315
4.2648879665924335,4.193584442138672,7.455917835235596,3.99776927522654,4.389399609050804
4.459719169028005,4.377638339996338,22.715070724487305,4.035853482987073,4.719423197005603
4.113656092490245,3.834787607192993,7.880549907684326,3.633473582063091,4.036101632322895
4.992939927773757,5.112810134887695,648.5093383789062,3.286586800858818,6.9390334689165725
4.1416138333815855,4.241436958312988,9.185006141662598,4.0240990435307555,4.458774873095221
3.9623684754114703,3.8511605262756348,11.513875007629395,3.60782443609675,4.09449661645452
3.307229737404204,3.2453112602233887,134.8112335205078,2.412668305480174,4.077954214966604
3.996696982266123,3.920637845993042,7.163020610809326,3.728707400723759,4.112568291262325
3.4077212656139255,3.435469150543213,157.70579528808594,2.5348947516751714,4.336043549411254
3.72026850825974,3.895545721054077,14.817734718322754,3.619496403307183,4.171595038800971
4.632994366123957,4.329912185668945,19.265100479125977,4.015150828156815,4.644673543181075
3.7907245889628314,3.7422454357147217,133.414794921875,2.913926161818964,4.57056470961048
4.190093338501445,4.085404872894287,53.34330368041992,3.56164077598764,4.609168969800934
3.950128831082603,3.943221092224121,8.387495040893555,3.7355328509721275,4.150909333476115
3.8975457148312245,3.6440417766571045,10.658652305603027,3.4099172468770784,3.8781663064371306
5.680052428108008,5.678836345672607,62.42069625854492,5.112257865944926,6.245414825400289
4.165222023207402,4.347047328948975,25.269323348999023,3.986557864397099,4.70753679350085
3.9441353705676563,3.881272792816162,9.560799598693848,3.6595333877189145,4.10301219791341
5.330633315269049,5.141293525695801,172.20281982421875,4.200236590043029,6.082350461348573
2.976253888659173,2.8173062801361084,73.82930755615234,2.201122633521149,3.4334899267510677
3.531016241864507,3.478158950805664,33.780296325683594,3.061359154620419,3.894958746990909
1.5015309700200883,1.4411330223083496,98.51184844970703,0.7293624891729258,2.1529035554437734
4.197049553955199,4.0104899406433105,14.21133804321289,3.740148106790441,4.28083177449618
5.050391610129895,4.739223957061768,50.223506927490234,4.231006840565091,5.247441073558444
4.178505422534867,4.140557289123535,7.8353047370910645,3.939822005260861,4.34129257298621
4.358832476361576,4.326580047607422,10.0502290725708,4.099235914717902,4.553924180496942
3.999038512737919,3.9890975952148438,6.953815460205078,3.799990705797601,4.1782044846320865
6.44955440460226,6.3617706298828125,165.78317260742188,5.438421394892466,7.285119864873159
3.2525060950070386,3.3935611248016357,38.0972900390625,2.950929120101241,3.8361931295020306
3.52961656080879,3.414910316467285,39.22007751464844,2.9658031406224996,3.8640174923120707
4.512305453193964,4.572392463684082,63.550994873046875,4.000707266161886,5.144077661206278
3.591317766900755,3.6276967525482178,231.65174865722656,2.536222332711101,4.719171172385335
0.9002719318397021,0.8159444332122803,1126.307861328125,-1.5907687014496772,3.2226575678742377
4.193352508566637,4.090975284576416,13.858541488647461,3.8240101579668027,4.357940411186029
5.455685507795917,5.441436767578125,236.49574279785156,4.338609656047032,6.544263879109218
5.2986926745719485,5.081238269805908,110.24098205566406,4.328286242177082,5.834190297434734
9.81538308299585,9.883241653442383,773.826416015625,7.8883581177512925,11.878125189133472
4.3463422153440545,4.260979175567627,11.788824081420898,4.014754817458292,4.507203533676962
3.8340395081014824,3.7813899517059326,14.291886329650879,3.5102830666257723,4.0524968367860925
3.9751291574253282,4.1061530113220215,5.3629374504089355,3.9400807358451995,4.272225286798844
5.272553868071884,5.298609256744385,93.86292266845703,4.603836457959113,5.993382055529657
3.797293124098755,3.901125907897949,252.51715087890625,2.7615553748662176,5.040696440929681
3.205917992348497,2.9311106204986572,56.71643829345703,2.391040381935946,3.4711808590613686
3.0785694142469184,3.1328470706939697,29.631349563598633,2.742481518462685,3.5232126229252545
3.5338890497320246,3.5340723991394043,33.83998107910156,3.1169045538670823,3.9512402444117263
2.2022134886348024,2.2135562896728516,43.336280822753906,1.7414697814671614,2.685642797878542
4.365799328268544,4.378514289855957,11.692486763000488,4.133298058339526,4.623730521372388
4.755639745259354,4.839159965515137,24.718835830688477,4.482618720204028,5.195701210826245
3.8850055033193303,3.8677706718444824,12.521637916564941,3.6140088164022632,4.121532527286702
4.031304253051965,4.033229827880859,36.80400085449219,3.5981757071917926,4.468283948569926
5.2941945940386494,5.186544418334961,239.1504364013672,4.077544895458772,6.29554394121115
4.6645473794152466,4.65858268737793,18.173381805419922,4.352869871112319,4.96429550364354
4.03284722830334,3.9760355949401855,11.837843894958496,3.7292998477837127,4.222771342096658
3.4635735808338928,3.451524257659912,9.24453067779541,3.233483237939122,3.6695652773807024
4.009116818676512,3.9219350814819336,8.86465835571289,3.7084208774727774,4.13544928549109
3.7500083079575353,3.7317981719970703,21.82317352294922,3.396790522769205,4.066805821224936
3.987399620268715,4.040787696838379,9.170308113098145,3.8236237458948703,4.257951647781888
6.624607657920861,6.707514762878418,1161.09375,4.263918714717768,9.151110811039068
4.068054175779413,3.8145086765289307,10.033287048339844,3.587356245459028,4.041661107598833
3.605325748306558,3.7638497352600098,14.140800476074219,3.4941796529526052,4.033519817567415
0.48432364144949486,0.4657536447048187,260.2408142089844,-0.6911134674625659,1.6226207568722033
4.495859855150619,4.525173664093018,37.372798919677734,4.086770598297578,4.963576729888457
4.833347975279048,4.8801045417785645,24.29832649230957,4.526608990903552,5.233600092653577
8.516054021114334,8.348014831542969,328.7819519042969,7.04769629038418,9.648333372701758
3.9632776574926756,3.789281129837036,5.6423845291137695,3.618937024176196,3.9596252354978763
3.910293069090042,3.802529811859131,6.771761894226074,3.6159147856801144,3.9891448380381473
4.197349517275981,4.102523326873779,45.24692153930664,3.620142221136948,4.58490443261061
3.821391756324996,3.6632375717163086,7.271136283874512,3.4698640917822434,3.8566110516503738
4.3298153997697835,4.275121212005615,1006.2568969726562,2.0002846200808135,6.5499578039304165
8.388092072585833,8.385549545288086,914.9326171875,6.2163958468795855,10.554703243696586
4.337488920053517,4.367541790008545,11.27953815460205,4.126694685651859,4.6083888943652305
4.436153456924845,3.9199891090393066,74.3697509765625,3.30155428872543,4.538423929353183
4.069151332378819,4.08268404006958,7.463620185852051,3.8867677556435387,4.278600324495621
3.6217947494598026,3.7193539142608643,27.338947296142578,3.3443924259521665,4.0943154025695625
3.8012686021782724,3.6289422512054443,23.795177459716797,3.2791257880844538,3.978758714326435
4.081937558478813,4.221292495727539,8.277956008911133,4.014964895247161,4.427620096207917
4.079682813914642,3.8755857944488525,6.7095112800598145,3.689830494379147,4.061341094518558
3.78621305351539,3.8687055110931396,7.388301372528076,3.6737802738111083,4.0636307483751715
4.199427258213607,4.31710147857666,23.35425567626953,3.9705411987046744,4.663661758448646
4.026016635367125,3.6739745140075684,17.689151763916016,3.372362057061429,3.9755869709537075
3.352364390760495,3.3105435371398926,88.54171752929688,2.6357518224752,3.9853352518045853
3.043506250036618,3.09619402885437,68.32218170166016,2.5034371078744386,3.6889509498343016
3.9409201786566137,3.895387649536133,5.680752754211426,3.724465355016586,4.06630994405568
4.115220318461738,3.972993850708008,9.013141632080078,3.7576988882141475,4.1882888132018685
3.9087756633782704,3.757720708847046,9.194317817687988,3.5402726543677576,3.975168763326334
4.073822731469177,3.9211151599884033,42.92961883544922,3.4512488716253102,4.390981448351496
4.181239352357707,4.078770637512207,7.356162071228027,3.8842698272021092,4.273271447822305
7.755280023924631,7.566330909729004,167.74644470214844,6.637530426683126,8.495131392774882
4.065426090540282,3.985599994659424,8.823423385620117,3.7725829623313842,4.198617026987463
4.069450040346837,3.934465169906616,6.528278350830078,3.7512357940774876,4.117694545735745
4.985369340039253,4.948094367980957,38.4026985168457,4.503691716063565,5.392497019898349
3.8553186289516224,3.746185302734375,9.27066421508789,3.527836308389156,3.964534297079594
3.8846102034706163,3.6894330978393555,10.775785446166992,3.4540256286868427,3.9248405669918682
6.52812211129595,6.55877685546875,801.0789184570312,4.529069517359911,8.588484193577589
3.1277352246484984,2.9463815689086914,68.51890563964844,2.3527718820083745,3.5399912558090083
3.8481124547381205,3.7397708892822266,35.5380744934082,3.3122643943866743,4.167277384177779
4.301683974091595,4.361629962921143,9.841995239257812,4.13665336467023,4.586606561172055
5.910193364288361,5.838211536407471,580.2341918945312,4.110793582758422,7.565629490056519
4.052137512037434,3.9573185443878174,7.40837287902832,3.7621287138401414,4.152508374935493
3.971324524468715,3.7924396991729736,5.815338611602783,3.6195045494458125,3.965374848900135
5.428995761570217,5.157231330871582,100.51612091064453,4.4382565940815155,5.8762060676616485
3.8787952674058404,3.9692533016204834,7.485683441162109,3.773047656192148,4.165458947048819
4.585293260086574,4.365381717681885,28.028005599975586,3.9857243185529576,4.745039116810812
4.063140776955759,3.9683709144592285,8.076458930969238,3.7645699359015694,4.172171893016888
4.194538989533214,4.020750522613525,159.2968292236328,3.115644747181971,4.92585629804508
4.03648259536407,3.9553847312927246,6.619295120239258,3.7708824915109647,4.139886971074485
4.195432820195608,4.139369487762451,9.28044605255127,3.9209053295403633,4.357833645984539
4.0257661131526135,3.911289930343628,6.437015533447266,3.729345800190872,4.093234060496384
5.916176009220069,5.857230186462402,493.1181335449219,4.264760195602695,7.44970017732211
4.519732283197891,4.457338333129883,227.16574096679688,3.37648394941644,5.538192716843326
3.160045810083554,2.945833206176758,145.5330352783203,2.0807127842248927,3.810953628128623
3.534408756339455,3.383570671081543,18.40256690979004,3.07593621719772,3.691205124965366
3.9613970491824997,3.9458024501800537,9.247289657592773,3.727728896309495,4.163876004050612
4.711988217289243,4.957243919372559,16.28548812866211,4.667845496116736,5.246642342628381
4.75211111133978,4.774604797363281,12.322670936584473,4.522867134380897,5.026342460345665
4.528588393202559,4.395820140838623,22.601055145263672,4.054894137007273,4.736746144669973
3.61940384755203,3.6082892417907715,21.27883529663086,3.2774860456367354,3.9390924379448076
3.891733600963593,3.80883526802063,9.60072135925293,3.5866334012944905,4.03103713474677
3.996471192291931,3.9244651794433594,6.890634536743164,3.7362193432934427,4.112711015593276
3.7773550513666265,3.757065773010254,38.819461822509766,3.310258199873015,4.203873346147493
4.740126020681889,4.885169506072998,22.579254150390625,4.544407970653275,5.225931041492721
5.3685975436014495,5.429748058319092,27.85391616821289,5.051271572563165,5.808224544075019
5.9074719019921496,6.025365829467773,101.89613342285156,5.301472420038021,6.749259238897526
3.8377224597186945,3.762392282485962,11.579726219177246,3.5183613293622824,4.006423235609642
3.9111967534644005,3.852060556411743,10.415764808654785,3.6206189937956137,4.083502119027872
4.269888323306202,4.215201377868652,18.260135650634766,3.908759743313457,4.521643012423848
4.194250066837771,4.314638137817383,10.214505195617676,4.085443508170404,4.5438327674643615
15.694631071032374,15.219810485839844,1532.0025634765625,12.412919689798963,18.026701281880726
4.3871737933445445,4.257604122161865,8.045280456542969,4.054196902055894,4.461011342267836
4.077292222394214,4.100221633911133,7.092649459838867,3.909236299890078,4.291206967932188
4.03789783042572,3.9767792224884033,6.710099220275879,3.791015783925872,4.162542661050935
4.080028572303176,4.064150333404541,8.579034805297852,3.8541040577993178,4.274196609009764
3.753148015390942,3.6528751850128174,21.045345306396484,3.3238919261013957,3.981858443924239
4.757596000124042,4.646691799163818,27.3013858795166,4.271987982180972,5.021395616146664
3.99298752095271,3.8770546913146973,5.75862455368042,3.704964882232001,4.049144500397393
4.554414420479236,4.471946716308594,27.81793975830078,4.093714731625117,4.85017870099207
4.002376615638586,3.9132566452026367,5.993110656738281,3.737698122067427,4.088815168337847
4.156315001616417,4.243394374847412,133.8363037109375,3.413767642813095,5.073021106881729
3.98357523804891,3.882413148880005,6.358922958374023,3.701576041274473,4.063250256485537
4.241299324252035,4.071496486663818,11.517501831054688,3.828122074567093,4.314870898760543
4.032127491136261,3.9593758583068848,7.639049053192139,3.761170486867578,4.157581229746191
5.008626141689633,5.009387493133545,27.453214645385742,4.633643217214631,5.3851317690524585
5.418576563440452,5.3868021965026855,45.29884338378906,4.904144398619983,5.869459994385388
5.882756468915245,5.8419647216796875,110.47672271728516,5.088208063076139,6.595721380283236
5.17219474015061,5.020784854888916,48.32373809814453,4.522272379159766,5.519297330618066
1.3065427496996866,1.3567943572998047,91.18382263183594,0.672008680569119,2.04158003403049
5.748320424836403,5.828765392303467,40.958099365234375,5.369815081726209,6.287715702880725
4.713477959602347,4.644618988037109,11.684184074401855,4.399489834471059,4.889748141603159
5.885928840187975,5.856138229370117,137.0322265625,5.016664465505197,6.695611993235038
5.297512201220024,5.216583251953125,28.370941162109375,4.834610272736157,5.598556231170093
5.056623001600444,4.862306594848633,170.68284606933594,3.925412053929987,5.799201135767279
3.8688562893805596,3.7064714431762695,38.07146453857422,3.2639894902374462,4.148953396115093
4.306303061129518,4.175051212310791,12.17664909362793,3.924809521487541,4.425292903134041
4.059141912940975,3.7864792346954346,10.166548728942871,3.5578232653029187,4.015135204087951
3.4516420783648782,3.156968116760254,937.0701904296875,0.9617290051595786,5.352207228360929
4.208338951723766,4.227914810180664,10.104305267333984,3.9999598746550014,4.455869745706327
5.824596806659474,4.914297103881836,11158.564453125,-2.6610045878253343,12.489598795589007
3.7426974524407117,3.619556427001953,7.0814104080200195,3.4287224711851128,3.8103903828187935
3.580758977846112,3.481586217880249,75.88912963867188,2.856866006963709,4.106306428796789
3.994842998954983,4.045680046081543,8.253082275390625,3.8396626670394087,4.251697425123677
4.336017412309564,4.470783710479736,191.32012939453125,3.478864952010583,5.46270246894889
4.177248476450385,4.218657970428467,21.598819732666016,3.885376798033689,4.551939142823245
4.0137523912949735,4.006234169006348,5.804971694946289,3.833453232483118,4.179015105529577
4.351696978065883,4.20145845413208,14.535359382629395,3.9280520660980462,4.474864842166114
3.872676309227259,3.852644205093384,7.339172840118408,3.658368126735926,4.0469202834508415
3.57135151230344,3.550612688064575,19.388158798217773,3.2348476413745466,3.866377734754604
3.864526684818094,3.8949930667877197,10.441222190856934,3.6632688412710657,4.126717292304374
3.899332639729831,3.9233169555664062,42.260501861572266,3.457126803051618,4.389507108081195
3.9889693483971755,4.052530288696289,5.444397926330566,3.885201487201665,4.219859090190913
3.8536120163249397,3.8334994316101074,9.339590072631836,3.614340246027578,4.052658617192637
4.649914179763849,4.636809825897217,49.07204818725586,4.134452357695224,5.1391672940992095
3.7162824793668747,3.5380208492279053,7.903122901916504,3.3364187089984,3.7396229894574105
0.43850467830916223,0.31954851746559143,375.9141540527344,-1.0708526045368236,1.7099496394680065
4.249976012627222,4.197553634643555,9.491737365722656,3.9766165459943723,4.418490723292737
3.5666728861824804,3.5023932456970215,17.860992431640625,3.1993193274854383,3.8054671639086046
4.094820410041513,4.403110027313232,8.567986488342285,4.1931990469664,4.613021007660065
4.0717483831647305,3.981405735015869,7.890571117401123,3.77996375123195,4.182847718799788
4.185537570549351,4.204681396484375,10.493474006652832,3.972378076832614,4.436984716136136
4.549840009462549,4.485164642333984,44.628662109375,4.006090529240986,4.964238755426983
8.802526505044735,8.658166885375977,264.86883544921875,7.491058467424741,9.825275303327212
4.573841178533731,4.549808502197266,29.779003143310547,4.158471559083058,4.941145445311474
3.1199269084743637,2.986953020095825,21.375699996948242,2.655397744037624,3.318508296154026
4.422598518712486,4.417094707489014,15.78161907196045,4.1322084180786005,4.701980996899427
3.83268557489671,3.7472925186157227,7.648143768310547,3.548969194983389,3.9456158422480563
4.090439485053458,4.122897624969482,10.274304389953613,3.893033082632283,4.352762167306682
4.415412460518345,4.259270668029785,21.02029800415039,3.9304832385578328,4.5880580975017375
4.327648305559838,4.313952922821045,14.677911758422852,4.039209119046705,4.588696726595384
3.990344899107681,4.085818767547607,8.042182922363281,3.8824507083805924,4.289186826714622
4.050002899452578,4.053922653198242,9.330972671508789,3.834864597238914,4.2729807091575704
3.0727536534910973,3.016944169998169,35.538204193115234,2.5894368949897753,3.4444514450065626
6.402925140771768,6.322829246520996,308.0889892578125,5.064095548074484,7.581562944967509
4.086767499170682,4.208222389221191,5.692114353179932,4.03712925637831,4.379315522064073
3.921671611394907,4.0355048179626465,5.792832851409912,3.862904628087854,4.208105007837439
4.008606409285311,3.8644003868103027,9.94155216217041,3.638288773749032,4.090511999871573
4.211002841497303,4.27493143081665,7.632369041442871,4.076812739262197,4.473050122371104
4.231920950145951,4.098339557647705,17.20856285095215,3.800852503159656,4.395826612135754
4.502951287947819,4.561809539794922,81.35334014892578,3.9149895030035458,5.208629576586298
2.854603615731122,2.7956879138946533,460.9731140136719,1.2559969233235977,4.335378904465709
9.061469185417298,9.180742263793945,630.9957275390625,7.379347152607848,10.982137374980041
3.9867735209635207,3.819413185119629,7.564661026000977,3.6221752231263755,4.016651147112882
4.25517612558976,4.292116165161133,11.954936027526855,4.044163147190093,4.5400691831321724
4.364909291759563,4.347115516662598,9.684737205505371,4.123943524204396,4.570287509120799
4.670008261514196,4.803607940673828,205.96337890625,3.7744292761867486,5.832786605160908
2.78290566777918,2.861988067626953,132.89805603027344,2.0352744628853086,3.6887016723685977
2.733998649615478,2.711695909500122,1398.6998291015625,0.029700492719684224,5.39369132628056
3.6473793643935433,3.583881139755249,14.457651138305664,3.3112065672200583,3.8565557122904397
5.518786378733951,5.473700046539307,52.58221435546875,4.953685842907772,5.993714250170841
3.9167903143756804,3.8412282466888428,15.935462951660156,3.554956747142333,4.127499746235353
4.0816489694970866,4.104361534118652,7.134513854980469,3.912813383488679,4.295909684748626
4.109436981135396,4.196160793304443,33.15763473510742,3.7832202337148075,4.609101352894079
6.7727356826918514,6.716886520385742,448.74578857421875,5.1977529419385995,8.236020098832885
5.956796163782517,5.750913619995117,151.9115447998047,4.867037988548759,6.634789251441475
3.626631107167576,3.675806999206543,11.429636001586914,3.43336270354755,3.918251294865536
4.829552287044785,4.664697647094727,21.035581588745117,4.335790710815336,4.993604583374117
4.04246831698447,4.081178665161133,10.37352466583252,3.850206873921575,4.3121504564006905
3.468156221669215,3.257643461227417,151.85671997070312,2.373927339393851,4.141359583060983
4.1394696085450695,4.254758834838867,11.51321792602539,4.011429688193311,4.4980879814844235
4.711742185103726,4.507674694061279,48.095245361328125,4.0103421916931445,5.005007196429414
4.303934135406877,4.458390235900879,26.347904205322266,4.090287700866481,4.8264927709352765
3.9147872821131995,4.007077693939209,8.668780326843262,3.795935626691313,4.218219761187105
4.134144632754681,4.15873908996582,8.794276237487793,3.946074187120555,4.371403992811086
5.5285212381475715,5.281808376312256,159.56414794921875,4.375943482501385,6.187673270123127
4.589854175554112,4.540097713470459,44.767234802246094,4.060280410532624,5.019915016408294
4.768962552666826,4.8075032234191895,55.997772216796875,4.27086556580809,5.344140881030289
4.071659483185561,4.054476261138916,31.577072143554688,3.6514979243075243,4.457454597970307
5.201671005934013,5.138195991516113,271.93365478515625,3.955624921782844,6.3207670612493825
3.9951851545364883,3.96944260597229,6.642693519592285,3.7846145574246175,4.154270654519962
4.480326708641089,4.471034526824951,48.977317810058594,3.9691621769645717,4.972906876685331
3.9657253519765856,3.6397488117218018,7.424463748931885,3.4443471215227155,3.835150501920888
4.653554886051551,4.477334022521973,10.136556625366211,4.249015578625509,4.705652466418436
3.9815311753443416,3.955326795578003,7.533530235290527,3.7584950979155716,4.152158493240434
4.517721195896119,4.431443691253662,17.492565155029297,4.131511886645108,4.731375495862216
5.238175450262978,5.3686723709106445,71.62440490722656,4.761759589406679,5.97558515241461
4.033777483884021,3.8490452766418457,9.822265625,3.6242942895662993,4.073796263717392
3.340210139367927,3.438445806503296,26.123735427856445,3.0719125302559807,3.804979082750611
3.9403562332004958,4.005434036254883,14.264058113098145,3.7345912204869247,4.276276852022841
8.57258998591298,8.098506927490234,100.70750427246094,7.378848049860432,8.818165805120037
3.7344886340235477,3.5800983905792236,8.292556762695312,3.3735889087701096,3.7866078723883376
4.036465409392332,3.9084537029266357,7.504388809204102,3.712003069250373,4.104904336602899
4.539918909265157,4.5406599044799805,24.451295852661133,4.186053389237069,4.895266419722892
4.593810098170216,4.62469482421875,160.754638671875,3.715456930475401,5.533932717962099
4.54919719551164,4.469127655029297,35.976531982421875,4.038992024877364,4.89926328518123
3.974158461488745,3.7851438522338867,12.6311616897583,3.5302746158784655,4.040013088589308
4.7549157575349055,4.6428117752075195,18.40461540222168,4.335160199546143,4.950463350868896
3.543666633353287,3.5689542293548584,13.756174087524414,3.3029769115867573,3.8349315471229595
4.232159400110974,4.25154447555542,8.550036430358887,4.041853493793004,4.461235457317835
4.021819581292871,3.975351572036743,11.839404106140137,3.7285995657037017,4.222103578369785
3.9967021472507445,4.013637065887451,6.665381908416748,3.8284936425602814,4.198780489214621
3.4350860356467963,3.361448049545288,10.280394554138184,3.1315153904111064,3.59138070867947
3.9788595967904388,3.8671512603759766,8.8608980178833,3.6536823469279005,4.080620173824053
3.9718390320091963,3.9064342975616455,56.82126235961914,3.3658652069346946,4.447003388188596
4.206280125826291,4.229465484619141,9.922527313232422,4.003570326655131,4.45536064258315
4.7344402926156945,4.469799995422363,55.29151153564453,3.9365571934733534,5.003042797371373
7.70234889119325,7.633547782897949,387.6250305175781,6.22165513362865,9.045440432167249
4.187101416285852,3.920555353164673,8.437235832214355,3.7122521901346968,4.128858516194649
3.3568912678030376,3.4053759574890137,69.1520767211914,2.8090298566963945,4.001722058281633
3.3053605476810617,3.2248330116271973,158.08349609375,2.3231808329034638,4.126485190350931
4.015348646013793,3.949565887451172,6.446589469909668,3.7674865025120217,4.1316452723903225
4.05796059500235,4.0582661628723145,7.9707722663879395,3.8558030215044976,4.260729304240131
4.472835559805609,4.416070938110352,17.200702667236328,4.1186518314803955,4.713490044740308
3.476500163120311,3.335618257522583,28.117431640625,2.955355674057287,3.715880840987879
4.086895812531634,3.9244818687438965,8.408853530883789,3.716529359863971,4.132434377623822
4.151615017023998,4.187252521514893,10.339981079101562,3.9566544651359954,4.417850577893789
3.998769766692336,4.071772575378418,7.6534504890441895,3.8733804596295434,4.270164691127293
5.940577195241116,5.8554582595825195,95.49402618408203,5.154674751820889,6.55624176734415
4.601565650992876,4.546345233917236,14.552566528320312,4.272777062747106,4.819913405087367
3.9700274506241033,3.9270811080932617,6.5493550300598145,3.7435561907319572,4.110606025454566
4.102088697438137,4.105411052703857,5.523643970489502,3.936868871722985,4.27395323368473
6.4790183957670395,6.406734943389893,185.11300659179688,5.4310395876531645,7.382430299126621
4.254371354907737,4.15409517288208,7.06754732131958,3.9634481038272464,4.344742241936914
3.6101459174532975,3.5248403549194336,10.588427543640137,3.291488366991446,3.7581923428474213
5.7478003052950655,5.770801067352295,588.1854858398438,4.0315874694986675,7.510014665205922
4.06167144759823,3.7764272689819336,23.750492095947266,3.4269394233209143,4.125915114642953
4.433164715697304,4.240561008453369,11.647956848144531,3.9958121657161785,4.48530985119056
4.157698563840345,4.366446495056152,34.8179931640625,3.9432932864695163,4.789599703642788
3.4987537658882206,3.384779453277588,27.708513259887695,3.007292120867479,3.7622667856876966
3.8906039799153094,3.8450968265533447,7.000904083251953,3.6553507370489147,4.034842916057775
1.5631907702361478,1.5024656057357788,101.98689270019531,0.7782498807421325,2.2266813307294253
4.646458739350985,4.538032531738281,58.65190505981445,3.9888245606084114,5.087240502868151
4.222927290922043,4.288473606109619,14.999526977539062,4.010736086796108,4.566211125423131
4.278939211870751,3.9927241802215576,37.12354278564453,3.555785514567038,4.429662845876077
3.683969422985791,3.4756317138671875,16.678897857666016,3.182758640285937,3.768504787448438
3.3390154310959423,3.2374024391174316,14.592398643493652,2.963460129385305,3.511344748849558
4.888725231951303,4.844297885894775,35.629478454589844,4.416241970495432,5.272353801294119
3.9359296350686357,3.8865883350372314,10.602790832519531,3.653078128803606,4.120098541270857
3.9743454418619577,4.04177713394165,9.065985679626465,3.8258519566745037,4.2577023112087975
5.2383642404829125,5.223361968994141,111.28995513916016,4.466836150439332,5.979887787548949
4.067293489953945,4.0174479484558105,7.531737327575684,3.820639674212248,4.2142562226993725
3.7890783121080793,3.7578060626983643,8.68470573425293,3.546470140005392,3.9691419853913366
3.9423347981650805,4.076941013336182,36.302459716796875,3.644861379196421,4.509020647475942
3.4915013246324995,3.479093551635742,9.139548301696777,3.2622941213328707,3.6958929819386137
4.273225391995397,4.248769283294678,18.15464973449707,3.9432140631949726,4.554324503394383
3.984747909753113,3.902519941329956,4.645785331726074,3.7479498940854596,4.057089988574452
5.345712567410386,5.338652610778809,165.32827758789062,4.416571042124207,6.260734179433411
4.1984798230066644,3.908555030822754,6.529116630554199,3.7253138913607104,4.091796170284797
3.607772280465684,3.4672434329986572,10.464889526367188,3.2352567290782823,3.699230136919032
4.608989158479637,4.590720176696777,10.420370101928711,4.359227454204196,4.822212899189359
4.544749614228007,4.5769944190979,21.7799072265625,4.242319025202263,4.911669812993538
4.430416396090937,4.267270088195801,16.161739349365234,3.9789732897014067,4.555566886690195
3.9204319019463916,3.848353624343872,25.167966842651367,3.4885878567574036,4.208119391930341
4.586480969535241,4.523037910461426,17.979555130004883,4.218959741595217,4.827116079327634
4.598300014989515,4.682049751281738,14.844388008117676,4.405752274252788,4.958347228310688
3.451456337537063,3.5021684169769287,18.907451629638672,3.1903424559659803,3.813994377987877
4.104952526561241,4.114596366882324,147.59512329101562,3.2433684672724756,4.985824266492173
3.2462579746779294,3.2703263759613037,36.385467529296875,2.837753035520437,3.7028997164021704
3.9374734448670035,3.9954090118408203,7.592799663543701,3.797804552530519,4.193013471151121
4.113772969950702,4.193675994873047,5.55105447769165,4.024716144911793,4.3626358448343
2.970008668084101,2.8458139896392822,38.1147575378418,2.403080523811871,3.2885474554666936
2.057212745343951,1.974902868270874,306.8565368652344,0.7186893571307773,3.2311163794109707
2.782911963588027,2.8355584144592285,521.0498657226562,1.1986084131537607,4.472508415764697
3.8352347930373405,3.9400320053100586,24.861433029174805,3.582463837246373,4.297600173373745
4.077399473526882,4.048138618469238,37.09585189819336,3.611362942060694,4.4849142948777825
2.6302303118070496,2.4659769535064697,66.91360473632812,1.8793621968181509,3.052591710194789
4.151834506168093,4.275430679321289,10.863343238830566,4.039068752699252,4.511792605943326
4.175699155725474,4.008107662200928,7.75611686706543,3.8083893245360474,4.2078259998658085
6.55276142541555,6.498852729797363,987.777587890625,4.245000937763116,8.75270452183161
4.583783075784068,4.507180213928223,20.746583938598633,4.180540437847651,4.833819990008794
4.521254706552723,4.466879367828369,174.08457946777344,3.5206946663729553,5.4130640692837835
3.8008393663851163,3.7028021812438965,96.50797271728516,2.9983080706973215,4.407296291790471
3.896322008696993,4.013858318328857,7.556018829345703,3.8167330551314467,4.210983581526269
8.675937056629364,8.496051788330078,326.71392822265625,7.19982917067847,9.792274405981686
4.482520396764521,4.72270393371582,19.154664993286133,4.408846043657995,5.036561823773646
4.28361964321612,4.25423526763916,8.006219863891602,4.051322428914471,4.457148106363849
3.487538152412745,3.425152063369751,33.57082748413086,3.0096465473782943,3.8406575793612077
4.59558491359494,4.445300579071045,29.317657470703125,4.05700682591385,4.83359433222824
3.8597128426586114,3.862661361694336,9.02193832397461,3.647261362485551,4.078061360903121
4.448735874965266,4.3220906257629395,9.178664207458496,4.104827756154396,4.539353495371483
3.8902419208702472,3.875915050506592,10.50281810760498,3.6435083245540665,4.108321776459118
4.002254356797681,4.037269592285156,7.082247257232666,3.8464243608523994,4.228114823717913
4.553846269982951,4.4136128425598145,10.359025001525879,4.1828025289587805,4.644423156160848
3.8850849847227957,3.937128782272339,8.372648239135742,3.729624438112191,4.1446331264324865
4.4733448960825575,4.458285808563232,16.037893295288086,4.171095731426396,4.745475885700069
4.64588463603724,4.777079105377197,42.73435592651367,4.30828261481013,5.2458755959442644
6.494609682725392,6.297574520111084,366.9931335449219,4.923770636407733,7.671378403814435
4.197255680399496,4.237733364105225,14.314262390136719,3.9664143330790416,4.509052395131407
4.043211891512184,3.949812173843384,8.220707893371582,3.744199264232558,4.155425083454209
4.596882095497602,4.524689197540283,17.42207908630371,4.225362288596907,4.8240161064836595
4.211172285857828,4.217426300048828,11.097895622253418,3.9785263338033583,4.456326266294298
3.7588615037799773,3.9563605785369873,8.619380950927734,3.7458209713696182,4.166900185704356
4.295878706105263,4.306401252746582,21.516115188598633,3.9737587797055647,4.6390437257876
4.616543724950611,4.333287715911865,16.825580596923828,4.039129623789902,4.627445808033828
3.314557879869697,3.469862461090088,245.20657348632812,2.3469088275597416,4.592816094620434
4.105878990461248,4.098227024078369,51.954933166503906,3.5813238896277504,4.615130158528988
5.327925634069022,5.308277606964111,137.62559509277344,4.46698828751413,6.149566926414093
5.192660459207614,5.174198150634766,129.59637451171875,4.35781845158677,5.9905778496827615
3.8557184803771425,3.685356616973877,30.17564582824707,3.2914220804987964,4.079291153448958
14.240079785862104,13.7897367477417,1658.050537109375,10.869657403273276,16.709816092210122
4.576175708048312,4.652432441711426,48.67273712158203,4.152123050250741,5.152741833172111
3.9890435070185277,4.026573181152344,9.154593467712402,3.809595380865414,4.243550981439274
3.854369793662148,3.8109185695648193,24.542190551757812,3.455653562564449,4.16618357656519
3.9022650127136993,3.959228754043579,33.12544250488281,3.546488701906365,4.371968806180793
3.131627117703842,3.148289442062378,139.25152587890625,2.3020451510789983,3.9945337330457575
5.075434931381355,5.1262125968933105,17.39381980895996,4.827128546307649,5.425296647478972
4.11831913831586,4.135080337524414,8.322393417358398,3.928199678291066,4.341960996757762
4.599794168099316,4.517024040222168,17.29290771484375,4.218808835597158,4.815239244847178
4.016766598537595,3.938164710998535,8.67577838897705,3.7269374364223293,4.149391985574741
3.7750831814601242,3.531426191329956,377.6690979003906,2.1377833256452727,4.925069057014639
3.9349235935497235,3.8614156246185303,7.07226037979126,3.670704998788296,4.052126250448765
5.495339884102092,5.371150970458984,78.61702728271484,4.7353018433366625,6.007000097581306
2.86182131973782,2.711344003677368,83.2942123413086,2.056853750523776,3.3658342568309605
4.276903465242614,4.0834150314331055,23.728626251220703,3.734088100472489,4.432741962393722
4.143732445023164,3.948242425918579,6.936607360839844,3.759369665942326,4.1371151858948325
4.046399281969522,3.890630006790161,24.25943374633789,3.537417477847149,4.243842535733173
3.987062099256007,3.925684928894043,10.905574798583984,3.688864016020869,4.162505841767216
4.061748482041343,3.9808766841888428,12.555545806884766,3.7267714746284306,4.234981893749255
4.228915904001879,3.84254789352417,23.29767417907715,3.496407682504808,4.188688104543532
3.554215075537288,3.2372560501098633,61.98503112792969,2.67265824917956,3.8018538510401667
4.543671909775297,4.649602890014648,11.489446640014648,4.406525073429017,4.89268070660028
3.8837688153939225,3.7946150302886963,12.583512306213379,3.5402269783721465,4.049003082205246
3.9487428689800477,4.038697719573975,33.73542404174805,3.6221748447888684,4.455220594359081
4.563792384113061,4.488028049468994,48.72845458984375,3.9874323786537,4.988623720284288
4.080867646801975,3.899200916290283,8.010120391845703,3.6962386553139917,4.102163177266575
4.1454751990090815,4.4217000007629395,411.17266845703125,2.9675544136867944,5.875845587839084
4.358676491379355,4.442996501922607,10.259811401367188,4.21329414087392,4.672698862971295
5.918883181277701,5.837000846862793,103.68765258789062,5.10677148477129,6.567230208954296
4.178694470204365,3.9553062915802,17.82257080078125,3.6525585272289938,4.258054055931407
3.129794961219414,2.9881298542022705,67.28732299804688,2.399879231406219,3.576380476998322
3.521964297855086,3.498626708984375,30.683223724365234,3.1013928459004005,3.8958605720683495
3.193366981665554,3.2687625885009766,28.971431732177734,2.882768414712598,3.654756762289355
3.7261006890998516,3.644179344177246,23.693157196044922,3.295113594157115,3.9932450941973774
4.055566746661662,3.9873344898223877,9.905994415283203,3.7616276033774,4.213041376267376
4.109301833064977,4.203983783721924,387.281494140625,2.792716924793652,5.615250642650196
4.250225729326201,4.0257039070129395,8.661947250366211,3.8146450714457933,4.236762742580085
4.06448405115505,3.92376971244812,6.928236484527588,3.7350109496827915,4.112528475213449
5.105443800183543,5.115357398986816,44.65580368041992,4.636137630085437,5.594577167888196
